"path","bytes","sha256","media","training_use"
"1.PLC/import.csv","195","245e40711809565ccb58fafa432406b5c115c0fedff347f4f868df12c7e4d31b","text_or_code","corpus_candidate"
"1.PLC/mermaid-diagram.svg","96100","941e5c95d6449b4e255db4d42912abf4c26170f54faf3b8cacd2536e422933ae","text_or_code","corpus_candidate"
"1.PLC/MVP_V2_101/1.pdf","314885","253387479352991d518bd90079a9d9e719bf829124b29aaaaf95bf0df01ac783","binary_or_vendor_format","reference_only"
"1.PLC/MVP_V2_101/10.pdf","223922","57e4acf2d6af68d26974a2ee23c600a6dcdd78b7c1a6c7c73687189bf0a2e5e3","binary_or_vendor_format","reference_only"
"1.PLC/MVP_V2_101/11.pdf","223908","62c55b57f9ef8120288e6ead4102566016567f15bcd7b917db8a7b7b1b5c3f34","binary_or_vendor_format","reference_only"
"1.PLC/MVP_V2_101/12.pdf","223926","17139ca67a54fe3eccd3acc46f484a90ad9c5c20d27aefaad4043ee62f3181ff","binary_or_vendor_format","reference_only"
"1.PLC/MVP_V2_101/13.pdf","223924","2f1edd044fb475cc03733710cfb8374ec7f668884729a4a2e0bee274b46a9716","binary_or_vendor_format","reference_only"
"1.PLC/MVP_V2_101/14.pdf","4961176","9ae0d7ead6c4030e482c1ea08d05bb51c0221bc3e7fe9a1358a15a1675e9e519","binary_or_vendor_format","reference_only"
"1.PLC/MVP_V2_101/15.pdf","3531037","64952777cca6c2cca5a2a0aadb67087dbbf25b3631cd992853e2a8fb88e49345","binary_or_vendor_format","reference_only"
"1.PLC/MVP_V2_101/2.pdf","223880","0762cb57d6f8fb7c691f52ca4bbb0f060406701f6e779b2ca9d278c90af4af12","binary_or_vendor_format","reference_only"
"1.PLC/MVP_V2_101/3.pdf","223878","3f24430adc1b770413501e565dd0e8591269233b82c5beb9f4ccc72273d9fcd2","binary_or_vendor_format","reference_only"
"1.PLC/MVP_V2_101/4.pdf","223873","2c5d933cf12b88732c467c14866911cee8a811b726070edd6fde3b20d2fa4b1f","binary_or_vendor_format","reference_only"
"1.PLC/MVP_V2_101/5.pdf","223876","e41e60e8d629a7764af64feaeb71873100e8ab9ca0878028b12abda4ac5c4176","binary_or_vendor_format","reference_only"
"1.PLC/MVP_V2_101/6.pdf","223877","5d83f8fcd32e8cdfc66bc02516e22dde264b9e85f152e2ee0400632c3c8b1e61","binary_or_vendor_format","reference_only"
"1.PLC/MVP_V2_101/7.pdf","223868","84d911513127cbaf00c251932fc8f64efd6f815bbf1e3252e5eb6f32d9cfd6c9","binary_or_vendor_format","reference_only"
"1.PLC/MVP_V2_101/8.pdf","223878","55e20d07cd14e12bdc2bf55892bea0bd9df6cef4e9a4c7261896ca2fefd25a5f","binary_or_vendor_format","reference_only"
"1.PLC/MVP_V2_101/9.pdf","223878","e20975456df86684e0ca1113490fefe18e93cb69362d986666c6447cf23e3515","binary_or_vendor_format","reference_only"
"1.PLC/MVP_V2_101/主符號表.csv","4310","ae0cb839755ce57fb9f57dea467053cbda0d1d41bae21237a5ce7faf2e673a3b","text_or_code","corpus_candidate"
"1.PLC/MVP_V2_101/ALM.pdf","114646","8073dffba723170ec32089d2e066f1679df9de4e1314b0195c0bab0ef693fdaf","binary_or_vendor_format","reference_only"
"1.PLC/MVP_V2_101/Bowl_Dispenser.pdf","102516","54ff3f0fae597e27589c09707ef81003c9b3b4888b0d99925c511b09c504201c","binary_or_vendor_format","reference_only"
"1.PLC/MVP_V2_101/Conveyor_ModbusRTU_Control.pdf","1166546","3c033ef1c64a28af8f624121146741d6bab2fa143a775eff1c746d5f18dc0df0","binary_or_vendor_format","reference_only"
"1.PLC/MVP_V2_101/Description File.{2559a1f2-21d7-11d4-bdaf-00c04f60b9f0}/EIP_EDS/Default/031F000E021000010001.eds","498003","f93326beb4f414bd6e4110d1407579aff81ed533521e71837cab73f41aef555f","binary_or_vendor_format","reference_only"
"1.PLC/MVP_V2_101/Description File.{2559a1f2-21d7-11d4-bdaf-00c04f60b9f0}/EIP_EDS/Default/ProdIcon/031F000E021000010001.ico","4721","5228d4dc38b958010e5e50cdce13845ef57f450855b45204ace87f760f6e095e","binary_or_vendor_format","reference_only"
"1.PLC/MVP_V2_101/Description File.{2559a1f2-21d7-11d4-bdaf-00c04f60b9f0}/EIP_EDS/Default/ProdNetIcon/031F000E021000010001.png","4721","5228d4dc38b958010e5e50cdce13845ef57f450855b45204ace87f760f6e095e","binary_or_vendor_format","reference_only"
"1.PLC/MVP_V2_101/Description File.{2559a1f2-21d7-11d4-bdaf-00c04f60b9f0}/EIP_EDS/User/01B9000C000500010001.eds","14246","9ac33a595a3a00ae616c01324fa0560532b916026275c924f8ed5dcba72c6f7d","binary_or_vendor_format","reference_only"
"1.PLC/MVP_V2_101/EMC.pdf","82572","ae98ef8affdded63113025a33dda77eb15977e294bb2483e0b922624f5d44559","binary_or_vendor_format","reference_only"
"1.PLC/MVP_V2_101/Initialize.pdf","336074","b0a93e908e7f18af935f061bee79f20104c9cb2f1e068bb5a85009f0430895ad","binary_or_vendor_format","reference_only"
"1.PLC/MVP_V2_101/Main.pdf","806950","5a22556c28dc0639ae3eba95c8f04a7951b3fb8c3a7d90745bf77f05a6b1b3a9","binary_or_vendor_format","reference_only"
"1.PLC/MVP_V2_101/Main符號表.csv","3175","f4421f20c83b555a3705d72f54978b85f543bfb9d297cf4848495122e06eff47","text_or_code","corpus_candidate"
"1.PLC/MVP_V2_101/MVP_V2_101.bak","72254","4eede860f61b9d18a6e1098719967471ed1bda3974d374edd335f93d77d1566f","binary_or_vendor_format","reference_only"
"1.PLC/MVP_V2_101/MVP_V2_101.dlhw","31521","d2c7f447ec130e618c81323b896741da33523e229115c7671b004a5c4c0d7559","binary_or_vendor_format","reference_only"
"1.PLC/MVP_V2_101/MVP_V2_101.ecam","286","8f7a241e2599b28240c97bd970aba703ce23beb61080d4b786826f7018a5930a","binary_or_vendor_format","reference_only"
"1.PLC/MVP_V2_101/MVP_V2_101.eiptag","32","2f4ab8720959bf367f2aab9b208252b7f08a6a012135918e99ba574cb820e123","binary_or_vendor_format","reference_only"
"1.PLC/MVP_V2_101/MVP_V2_101.etg","54","858ea07009bf22c7962246830f927c398444c655fc43a513d94fdcc8433d114a","binary_or_vendor_format","reference_only"
"1.PLC/MVP_V2_101/MVP_V2_101.ex","20524","6dfa05fd7a519589a491d7f9dccdf2f9b81bb943d7bc1dbed40f39de58230c80","binary_or_vendor_format","reference_only"
"1.PLC/MVP_V2_101/MVP_V2_101.hwc","383872","79caf6c94729a6d56866c3b6c670d63153477b465d066d9b7d937952afe171db","binary_or_vendor_format","reference_only"
"1.PLC/MVP_V2_101/MVP_V2_101.ini","4465","599bf731e42860c8c3adf80764efd66ed604f43ff7a66ea902bca1a58b7c38be","text_or_code","corpus_candidate"
"1.PLC/MVP_V2_101/MVP_V2_101.inivals","72","3be69f239533692a19d52dc83c9ff43e8ac3ecf6411b1fb82ef62b166774fbc3","binary_or_vendor_format","reference_only"
"1.PLC/MVP_V2_101/MVP_V2_101.ipc","16203","f6518e83b2292248b374c245b9dbd40e457934262de6780ddd40e4f6721095dc","binary_or_vendor_format","reference_only"
"1.PLC/MVP_V2_101/MVP_V2_101.isp","72254","4eede860f61b9d18a6e1098719967471ed1bda3974d374edd335f93d77d1566f","binary_or_vendor_format","reference_only"
"1.PLC/MVP_V2_101/MVP_V2_101.pnt","1021","008643eea35399305d0cf4df9656425ea7a20ffc1e340c443141ae874415af2b","binary_or_vendor_format","reference_only"
"1.PLC/MVP_V2_101/MVP_V2_101.tag","99","a31a80d8de3d4d86a3f6f3d5e402b4d8785bfa7c4f85a5c3245b5098622bead2","binary_or_vendor_format","reference_only"
"1.PLC/MVP_V2_101/Noodlebasket.pdf","246327","514f3c24f67a50dc42d711e471852d6c1da0c3458d80bbda96766e386704623d","binary_or_vendor_format","reference_only"
"1.PLC/MVP_V2_101/Robot_Manual_Control.pdf","543624","eb2d91c3bb3f76e6261c456d23e0fc162d2aafde0bf48b6bdea381c024874f06","binary_or_vendor_format","reference_only"
"1.PLC/MVP_V2_101/SemiAuto.pdf","1415589","f1976389570fd11fae22362c49f649245e0aa8bf4de0039750dbae26b76ad53e","binary_or_vendor_format","reference_only"
"1.PLC/MVP_V2_101/Soup.pdf","113921","7bb469ef1439a090350c810f9aaa50c8832dfa4b3ddce553c064d57bfdf63099","binary_or_vendor_format","reference_only"
"2.電路圖/煮麵機控制迴路_程式確認版_V0.2.dxf","1609","e20107fefe2432e705cee01b4b4eb420816c916e3a54436cd0e761b819833d86","binary_or_vendor_format","reference_only"
"2.電路圖/煮麵機電路圖_V0.1_P1.pdf","287094","1be01d5534b9c93aa62706ccf50b756683a2199b3e0dda23b5e14b717d56e7ed","binary_or_vendor_format","reference_only"
"2.電路圖/煮麵機電路圖_V0.1.bak","1350078","359f10a5b56010c2448d170b70d699468af5d574af7e176df132953dae19b91d","binary_or_vendor_format","reference_only"
"2.電路圖/煮麵機電路圖_V0.1.dwg","1373080","b6ed582c75c8222471b7d24092661ec7b111aba761d6472641630d3779926abd","binary_or_vendor_format","reference_only"
"3.HMI/0.0.3/.gitignore","48","08837f113fff48821ec401850b48a566cac84da19c4b280ec358b76856867a07","binary_or_vendor_format","reference_only"
"3.HMI/0.0.3/assets/alarm_reset_active_source.png","1618755","559188531d69e35b1871295c176ac4e89e913f38f303c0f662afc2b910d6f0fd","binary_or_vendor_format","reference_only"
"3.HMI/0.0.3/assets/alarm_reset_active.png","9407","66c5965cc69b644c22e5c8205f2371f17567f6576935eaa287a91d3172682e77","binary_or_vendor_format","reference_only"
"3.HMI/0.0.3/assets/alarm_reset_source.png","1622156","8c5d64189da101ff130e913e4e14f1203a30b8383cf05be7fd784e45a6160730","binary_or_vendor_format","reference_only"
"3.HMI/0.0.3/assets/alarm_reset.png","9567","1f2b86ab2ebb0ca51c65920d644340294183dccd0943ebe002c2939359752f66","binary_or_vendor_format","reference_only"
"3.HMI/0.0.3/assets/emergency_stop_pressed.png","6501","0b89996df72d8dd16b2e0222a41affe08daba5888b3732f0c8d6b91f7245fb7c","binary_or_vendor_format","reference_only"
"3.HMI/0.0.3/assets/emergency_stop_source.png","1662391","fdaf2f0613538531ff896cd4f45a76e072d99117f4aff94d7fdeb4c18560d614","binary_or_vendor_format","reference_only"
"3.HMI/0.0.3/assets/emergency_stop_top_source.png","1619132","0ad9f228f5005f8e93b37f68779e055cb8dde2cc1ece0bf49fa1953211f3f5e0","binary_or_vendor_format","reference_only"
"3.HMI/0.0.3/assets/emergency_stop.png","10541","c1da983ca7d5039777c2dd9191c41646e2720a67c2238a86fe6ff35a5e6fee31","binary_or_vendor_format","reference_only"
"3.HMI/0.0.3/assets/initialize_button_pressed.png","6916","6ae5b240ad055112e722b4cdbca5b806299e274b28e5aeef1cf47a8f5ac26b3f","binary_or_vendor_format","reference_only"
"3.HMI/0.0.3/assets/initialize_button_source.png","1418789","f65337dc2e0c0b5cba15def387d92eb5243cbb9a6d055ef3b3f363916e4f0b9d","binary_or_vendor_format","reference_only"
"3.HMI/0.0.3/assets/initialize_button.png","9118","20c1aac8186366787e312716c47b6a4f95178c777e141cdac7003c14821c8ce9","binary_or_vendor_format","reference_only"
"3.HMI/0.0.3/assets/machine_overview.png","145385","54d6fa4a39e4e3824b1983e291ecb50a0429bca78317fc082f5fade571867908","binary_or_vendor_format","reference_only"
"3.HMI/0.0.3/assets/mode_auto.png","8959","eb50ea8dca6450c3fe497f7974d60d3ea2f9b39fd6a16b5dfe95d1f0490e1b71","binary_or_vendor_format","reference_only"
"3.HMI/0.0.3/assets/mode_manual.png","8986","3a288d58737db59690ed41e390dd928bf55a20948cdf4ed8dca4d1d9614290ef","binary_or_vendor_format","reference_only"
"3.HMI/0.0.3/assets/mode_selector_source.png","1683187","cf78537fb3d98b4443d9d5de950069965dfdacfeceef35ee901bb96c408a8e90","binary_or_vendor_format","reference_only"
"3.HMI/0.0.3/assets/noodle_cabinet.png","111716","b0241340953ee71365254a2b874c04159bcfaf33932a22b9ccc1049de7c4585f","binary_or_vendor_format","reference_only"
"3.HMI/0.0.3/auto_live_monitor.py","11378","b2a71845e7c5f437312244cee85b2b5af41529c1c13df45a834fd3891354f781","text_or_code","corpus_candidate"
"3.HMI/0.0.3/auto_models.py","6834","21ede7bebf3c7c4ea02fc384160d72d20e20eb10ed3452715c6a14831eea7bb7","text_or_code","corpus_candidate"
"3.HMI/0.0.3/auto_plc_contract.py","2154","ccc8cd08baaaf2dd545f53091c02dc12dfb75a648f78c48dd3954b24bdc00040","text_or_code","corpus_candidate"
"3.HMI/0.0.3/config.py","477","3a7663fc86f115ecf1db61be98a68b7ed37a26cd0ea57f33687cac39d21fda88","text_or_code","corpus_candidate"
"3.HMI/0.0.3/data/auto_hmi_state.json","2431","7ee96bcc98054b7d1679c6851b78d57150d138fad74075d93f673f71185e6615","text_or_code","corpus_candidate"
"3.HMI/0.0.3/HMI_command.py","16912","1f3a75975b0a26cca7dca25b226ffa7df993d3ec4ae4edff88d96286d6229b1b","text_or_code","corpus_candidate"
"3.HMI/0.0.3/HMI_EDITION_GUIDE.md","924","0bbc99170882e7837271628009f1f122968025c5e60304062f9e73859837313c","text_or_code","corpus_candidate"
"3.HMI/0.0.3/HMI_heartbeat.py","3365","17ffdcc0434a267d8d1be71cbb7eed24ff2fb0a6ea4941bf95c48dd9fda4443b","text_or_code","corpus_candidate"
"3.HMI/0.0.3/HMI_ipc_heartbeat.py","4754","821e36f7e20aeb515d0fd5136049f04c993f4890496b9cd982389fdeddec7a54","text_or_code","corpus_candidate"
"3.HMI/0.0.3/HMI_logger.py","1034","37abd176b4875c4b5df70e1fed27914a514df2d804dafc9bc76cc42a9e9017a0","text_or_code","corpus_candidate"
"3.HMI/0.0.3/HMI_plc_client.py","6864","711ebab521ad7252e1ae48d89d52fe5f528ab8a056be30713e88179e3dba31ce","text_or_code","corpus_candidate"
"3.HMI/0.0.3/HMI_status.py","8429","8737b85625cc879f0c98dc557a5dba5b19c9be2aec4f9e74f110729359f54bd4","text_or_code","corpus_candidate"
"3.HMI/0.0.3/HMI_ui.py","40832","aeb1bdbb345c285d1d12c5fa9d6d152507b1caba7baa384d650a01dabf6c3b9b","text_or_code","corpus_candidate"
"3.HMI/0.0.3/install_ipc_auto_update.cmd","814","a7bb6211fe5222041353bad7f3db90e015faf1f492506fe8f8e31e9939731932","text_or_code","corpus_candidate"
"3.HMI/0.0.3/ipc_auto_update_hidden.vbs","351","01eae0fcde700959a5f7a1b4bb1a0fccd43c5c3074b3e7c4b16abda92eba4a66","text_or_code","corpus_candidate"
"3.HMI/0.0.3/ipc_auto_update.cmd","1540","ce4bb5266f9a5ab7bf10ee7c5adc5eaa71404a6608bc07a408f9df62eb9b604d","text_or_code","corpus_candidate"
"3.HMI/0.0.3/main_hmi.py","6892","172e25b22923d29f711a8ba2cc2e496729d92f36afc86030eaca666302261091","text_or_code","corpus_candidate"
"3.HMI/0.0.3/mock_plc_client.py","9685","5f3b998d0f9aa8d9b07091721a0431436d80bbacc4ca0c373830d7a13a18763f","text_or_code","corpus_candidate"
"3.HMI/0.0.3/PLC_COMMUNICATION_PLAN.md","1625","11c4f95ac3f020680d85f18a7f388b7fb4d4c6e84db2cc19b24bab0a8e1a7488","text_or_code","corpus_candidate"
"3.HMI/0.0.3/process_flow_widget.py","10290","26130b84c92624d241e192d9cf5597e8006d4022b2d676b3e5590b155eba5db1","text_or_code","corpus_candidate"
"3.HMI/0.0.3/process_models.py","3607","2db4218123d3f0a5b800367efd4b8ac7806beda9402e08d86836af9e999cd188","text_or_code","corpus_candidate"
"3.HMI/0.0.3/process_overview_panel.py","18138","77b59547ca7f93fc13f7d0552029723d5cb00227a5a5497ac4d49f1fcc86a944","text_or_code","corpus_candidate"
"3.HMI/0.0.3/README_0.0.3.md","2048","0bfdb28ed2f86639657f9be56c38909eb20f60e3b13e4fb08eb9062d199c6aa6","text_or_code","corpus_candidate"
"3.HMI/0.0.3/register_map.py","4919","5118a744e44cc97ad722e5d8896b8573da24565087e7cd1b09bae26816db0335","text_or_code","corpus_candidate"
"3.HMI/0.0.3/REGISTER_MAPPING_PENDING.md","1422","51eb1647936c10dd81e5acfd9e0c0455ee1cae4a2fc4cd1bb0530e655374226d","text_or_code","corpus_candidate"
"3.HMI/0.0.3/requirements.txt","16","27bd537c5354be9b6ffff0a8d6efd6c0e26c70067945236f5927e0e3bcf2993c","text_or_code","corpus_candidate"
"3.HMI/0.0.3/S__275578883_0.jpg","41463","586ca5d197b34f47455b3651b8f0df75e2cec01b1d09cf9402bfdb6cfffa2ba2","binary_or_vendor_format","reference_only"
"3.HMI/0.0.3/setup_ipc.cmd","986","6d5040298dc2784ca91bad8128015fd697d525b3cb82e7e78a957433e96d2254","text_or_code","corpus_candidate"
"3.HMI/0.0.3/simulation_control.py","11636","86139e34f63f6dd4021700e70aac2b9a113ac864001310699afc096d7125bbee","text_or_code","corpus_candidate"
"3.HMI/0.0.3/start_auto_live_monitor.cmd","358","5e2ef04e4593e4a042a06959f84d846bc2989dcaaf328ad8d98203729d77fcbd","text_or_code","corpus_candidate"
"3.HMI/0.0.3/start_field_live_monitor.cmd","326","d29e031daa8976f311e3980edf8fae87f189acb082442bbeedc17d56eb6edd1c","text_or_code","corpus_candidate"
"3.HMI/0.0.3/start_hmi_as200_sim.cmd","283","b8868d7d7fe0e7770d9d409f7f3cd703d38918fbcce029c86b6de4f5c9fb57f8","text_or_code","corpus_candidate"
"3.HMI/0.0.3/start_hmi_mock.cmd","260","7d5159a2b3debcb3f106f92d866b61eac58e0e62079693ed09446d88287acb30","text_or_code","corpus_candidate"
"3.HMI/0.0.3/start_hmi.cmd","266","347d6965d02508fada5cf41de3f417c56205d157eacfd4c9cf9150b0b5078a79","text_or_code","corpus_candidate"
"3.HMI/0.0.3/start_simulation_live_monitor.cmd","346","486431fe588f6e532c99fcb8158d50d8e14a56d5ed8d634269e27a5df5bb7e44","text_or_code","corpus_candidate"
"3.HMI/0.0.3/ui_alarm_page.py","2930","c05553a84dc695e241479d706451ec693efb43b234a443916d114849a0c24a65","text_or_code","corpus_candidate"
"3.HMI/0.0.3/ui_auto_page.py","59541","3ef039ca3f4c3ce54bb4f2855491fa241162ea8901360facddd24347fac594a3","text_or_code","corpus_candidate"
"3.HMI/0.0.3/ui_common.py","5998","e039f69028e33190da347abe4de990292e7b945bead400fdb9275c987f6e9ba1","text_or_code","corpus_candidate"
"3.HMI/0.0.3/ui_communication_page.py","1902","ff9b23d3021f1b1fd14dbd6cb72c1d0c84d1ac5647a62a9f517f30d9b1b3f0b4","text_or_code","corpus_candidate"
"3.HMI/0.0.3/ui_conveyor_control_page.py","21305","52c2980578909a24ce41ba78b8854066d0326516985b8fad856c28e592b2d323","text_or_code","corpus_candidate"
"3.HMI/0.0.3/ui_conveyor_detail_page.py","1814","168ab125c8006189de8799fe49c89ad8c5531daad0b9c57bea021592604b3328","text_or_code","corpus_candidate"
"3.HMI/0.0.3/ui_ipc_page.py","3556","5d927be6ee7bcbd7df3bd4d68fada07982fd73b31252485946b610c91dec6b88","text_or_code","corpus_candidate"
"3.HMI/0.0.3/ui_main_page.py","28155","f411fb7eb178547dca1d9bb55fbcb370965fd6db3295a35627fad7deb7e7cd40","text_or_code","corpus_candidate"
"3.HMI/0.0.3/ui_manual_page.py","6687","75a98ced929b9adc8d6025bc0773ddf76d7b6aa7dae4520c8e7edcf0c8513c46","text_or_code","corpus_candidate"
"3.HMI/0.0.3/ui_parameter_page.py","2106","bf84e641593919a8a8a4f66b0122204a0b8e8b8fe1ad4d6263d3863e05a1046c","text_or_code","corpus_candidate"
"3.HMI/0.0.3/ui_robot_page.py","30016","b74eb409bce8c8a3cbbdd6d093a72aa325938e170121af542df413243d06c526","text_or_code","corpus_candidate"
"3.HMI/0.0.3/VALIDATION_REPORT_2026-08-19.md","5444","183ff659384dc788cfa05e79a7825b38ae2c29b624aa05a2785a8b89453ee104","text_or_code","corpus_candidate"
"4.IO/MVP_Ramen_Comm_IO_Table_v3.xlsx","120293","97423fe08767e3d3b45ef13dc20b1dcb43c176bcd9aa0c7e6c181857af0a97cd","binary_or_vendor_format","reference_only"
"5.Robot/1.bakeup/NRA2011.REG","2094","f1dc52744b8e596a17d9b783242bc0252d4a0675812b16be4417871df0f9702c","binary_or_vendor_format","reference_only"
"5.Robot/1.bakeup/RESUME.bak","315400","b1d7ab89610c17a043f5257e16d6a97e4cd518f527697d59e516fb2077143085","binary_or_vendor_format","reference_only"
"5.Robot/1.bakeup/RTXTCPIP.INI","437","446d264064fc75a471ae41ae364371d4b2498c27ee1e1ace6192904eb838e3f3","text_or_code","corpus_candidate"
"5.Robot/1.bakeup/WORK/AC00RMU.CON","184","49fe22cc1662cc1427153be8e9deb7a5bc111dcc3b78ccda405a70e5fa792a46","binary_or_vendor_format","reference_only"
"5.Robot/1.bakeup/WORK/AC00VSF.CON","45519","8125d8cd3dd0c9f398599b5a7bc373f76d54a14a41a03a233f9454e58d3bdb4b","binary_or_vendor_format","reference_only"
"5.Robot/1.bakeup/WORK/Ac01Pltz.CON","333","bb42d739f98764451bbdb29973f842de4dd17664fc61ca1e9b72cda22bf106a7","binary_or_vendor_format","reference_only"
"5.Robot/1.bakeup/WORK/APPLICATION.CON","749","412437170f229894583d125a47f4ee2c1fc228fcc74fbe0a3ea49791d77ac6f1","binary_or_vendor_format","reference_only"
"5.Robot/1.bakeup/WORK/AUTOCAL/R1/Setup_m.csv","392","cbd029700a87a2ee4e52679c70a0ed4ce7e5b55171b05622686c22a2de8ef782","text_or_code","corpus_candidate"
"5.Robot/1.bakeup/WORK/AUTOCAL/R2/Setup_m.csv","392","cbd029700a87a2ee4e52679c70a0ed4ce7e5b55171b05622686c22a2de8ef782","text_or_code","corpus_candidate"
"5.Robot/1.bakeup/WORK/AUTOCAL/Setup_ac.csv","536","40803abc4c32252a4f5de7eb78e37a4ddeecde222d65010ea16f8b8e80f1caf0","text_or_code","corpus_candidate"
"5.Robot/1.bakeup/WORK/AUTOCAL/SetupGen.csv","194","6b12c24ac976abc7b5aeb52f423bc27ffe1c0958fd45e44d73f98b1092340330","text_or_code","corpus_candidate"
"5.Robot/1.bakeup/WORK/C00AUTOCAL.CON","791","19a552705edd2867852734bb39fa478dc7102c963c12255e6b1ef4a092050e73","binary_or_vendor_format","reference_only"
"5.Robot/1.bakeup/WORK/C00AUTOCALAC.CON","924","d5a6c90b476c5adbc0d7b1899e3bb42234e304e69cbd4f930d0cb3c7891e6c9e","binary_or_vendor_format","reference_only"
"5.Robot/1.bakeup/WORK/C00AUTOCALGEN.CON","622","b0c783cf99123953a6de78939f859cc278ca709af47e29747fed022ded706df6","binary_or_vendor_format","reference_only"
"5.Robot/1.bakeup/WORK/C00CTRL.CON","26495","8d1125f30c24efc2f143227e78886f8bdeae536631c166d1b0615299bace080b","binary_or_vendor_format","reference_only"
"5.Robot/1.bakeup/WORK/CS00CTRL.CON","6890","c2c1cac0f668dde31c9c1b78f53efc413480ff78f0382147b5d1b6517db4d868","binary_or_vendor_format","reference_only"
"5.Robot/1.bakeup/WORK/EcMaster/C00ECSINF.bak","2370","daa72c04d4d1519978730f6f38ceebb3b296cf9c0fef5c8a64fa22d94feb5d5a","binary_or_vendor_format","reference_only"
"5.Robot/1.bakeup/WORK/EcMaster/C00ECSINF.CON","2430","1c2fd539e7257cdbaee75c78917e12453a10bf21548111e60df7ae0ed391c145","binary_or_vendor_format","reference_only"
"5.Robot/1.bakeup/WORK/EcMaster/ecconf.bak","395349","2bde6be4e4086fa702c02053b7b7a03ab3f8f34acdc1702c55495d179c27db7e","binary_or_vendor_format","reference_only"
"5.Robot/1.bakeup/WORK/EcMaster/ecconf.xml","419302","7e8c5e70e6baf5002cb41892cf06c2f14af12c92712b656658566f8474c56961","text_or_code","corpus_candidate"
"5.Robot/1.bakeup/WORK/EcMaster/log/dcmlog0_2.csv","0","e3b0c44298fc1c149afbf4c8996fb92427ae41e4649b934ca495991b7852b855","text_or_code","corpus_candidate"
"5.Robot/1.bakeup/WORK/EcMaster/log/dcmlog0_3.csv","0","e3b0c44298fc1c149afbf4c8996fb92427ae41e4649b934ca495991b7852b855","text_or_code","corpus_candidate"
"5.Robot/1.bakeup/WORK/EcMaster/log/dcmlog0_4.csv","0","e3b0c44298fc1c149afbf4c8996fb92427ae41e4649b934ca495991b7852b855","text_or_code","corpus_candidate"
"5.Robot/1.bakeup/WORK/EcMaster/log/dcmlog0_5.csv","0","e3b0c44298fc1c149afbf4c8996fb92427ae41e4649b934ca495991b7852b855","text_or_code","corpus_candidate"
"5.Robot/1.bakeup/WORK/EcMaster/log/log.idx","21","083123507dea987c0d392bb3c3924176141948cd718b76373a2c59c9b8d99d23","binary_or_vendor_format","reference_only"
"5.Robot/1.bakeup/WORK/F00FIELD.CON","22535","c5157d002001f3fc62d3bd59a6c16ee92bfde5919a0a7f7a3ce3ac10eca74c9f","binary_or_vendor_format","reference_only"
"5.Robot/1.bakeup/WORK/Form.CON","18","68bc016dee2d2809f7a56563fcca1a8162855e1a5444d3fea7b0df107fb69729","binary_or_vendor_format","reference_only"
"5.Robot/1.bakeup/WORK/G00AUTOCAL.C01","5710","f529b6d7b1e8078eac66386eb45dd46d8f617517cd24136c162039657b845f91","binary_or_vendor_format","reference_only"
"5.Robot/1.bakeup/WORK/G00ROBOT.CON","4333","5f1ac183e8eda48427475834c0f47ada3f61a1954e9d79f703ab8b7d684ec778","binary_or_vendor_format","reference_only"
"5.Robot/1.bakeup/WORK/LOG/DEV_FILE.DAT","167","0d3a74bd4b40162f7f43133f4569f9fb2defd3f81de6a016670368c0584dee56","binary_or_vendor_format","reference_only"
"5.Robot/1.bakeup/WORK/LOG/LG-HISTORY.001","65523","e718fadd0387ac85983096b483db11e56983c19624a9542f1df0f3068e59f46d","binary_or_vendor_format","reference_only"
"5.Robot/1.bakeup/WORK/LOG/LG-HISTORY.002","67529","8689b1c23484af5a0ffcca218a497f78c14740c3f6e2de856a20029d0563af79","binary_or_vendor_format","reference_only"
"5.Robot/1.bakeup/WORK/LOG/LG-HISTORY.003","63496","8017a881832e723486df414c7f4c30df89ada5ab01b5851123c61835888edbfc","binary_or_vendor_format","reference_only"
"5.Robot/1.bakeup/WORK/LOG/LG-HISTORY.004","66298","5ba541b7c7db7fb76330231bf140798aaa93a4f9573f30f2865f20d3916222b5","binary_or_vendor_format","reference_only"
"5.Robot/1.bakeup/WORK/LOG/LG-HISTORY.005","67484","2996d166f2e8a98c71826fe243bf60ad2231e68fc5ef311b2d21d2507a77fa0f","binary_or_vendor_format","reference_only"
"5.Robot/1.bakeup/WORK/LOG/LG-HISTORY.006","63624","40bc0d84f4e4509d2d3d09a913c3f0f9795b89da51ee35182bad5fa5f5d6fdc6","binary_or_vendor_format","reference_only"
"5.Robot/1.bakeup/WORK/LOG/LG-HISTORY.007","65015","cd9aedc58e79b2c3dcf04711db3dd70420a839cb4d7b3af4aa502cfcb2b1bdec","binary_or_vendor_format","reference_only"
"5.Robot/1.bakeup/WORK/LOG/LG-HISTORY.008","73474","28b2c3857815b5b7c4756171e98bbfe27a7ec6dbbc451fa4d18b0120de71afa7","binary_or_vendor_format","reference_only"
"5.Robot/1.bakeup/WORK/LOG/LG-HISTORY.009","71083","02ead30a6ed8a29a29b967a32dc0f4e13a279870c44901c4171fef4f4c4f9bd3","binary_or_vendor_format","reference_only"
"5.Robot/1.bakeup/WORK/LOG/LG-HISTORY.010","71482","c7a9c84100852e7e8b34df83313147d1071fd2607307232ad149386d6525fff4","binary_or_vendor_format","reference_only"
"5.Robot/1.bakeup/WORK/LOG/LG-HISTORY.OPE","67802","880be5b35e6a83dacb798e649a65f8169a46926009a496805069820cf1ab2991","binary_or_vendor_format","reference_only"
"5.Robot/1.bakeup/WORK/LOG/lg-MTBF_MTTR_A.bin","16","5f8710cf0a95e9db7a759b816789da10a05f1ba44967df8ee8998d0dc222086e","binary_or_vendor_format","reference_only"
"5.Robot/1.bakeup/WORK/LOG/lg-MTBF_MTTR_B.bin","16","c2766caa6da4efad276f14e70eff6db7658caa78ab6ac14ca45cfe2a8620902a","binary_or_vendor_format","reference_only"
"5.Robot/1.bakeup/WORK/LOG/NRA2011.dmp","181071","94d1b9dba853d88dd3008896b4d16139741bdbf2487ed52fab5d98e477e8ad73","binary_or_vendor_format","reference_only"
"5.Robot/1.bakeup/WORK/MECHANISM.CON","3045","9474a495881c333a078d7a100a9050e62b6625cc73357c0261b8e680f36a40e3","binary_or_vendor_format","reference_only"
"5.Robot/1.bakeup/WORK/MENU.CON","13032","16164c45f3e8690f7f8d50f982490394dc7630f42b62bedeeb5968444d382b25","binary_or_vendor_format","reference_only"
"5.Robot/1.bakeup/WORK/P00MZ07LF-01.C01","20770","0ad5de3de04205f9a02e4e6a0e8a297f0b922fa88380f4ad865474a9127bedea","binary_or_vendor_format","reference_only"
"5.Robot/1.bakeup/WORK/PROGRAM/MZ07LF-01-P.003","4972","a8109da12630a4a93a54cd8100ecde80ae8f64bf66cdd4e89c1bf5424537315f","binary_or_vendor_format","reference_only"
"5.Robot/1.bakeup/WORK/PROGRAM/MZ07LF-01-P.1002","216","8c04dfc4da40718bdd53b86d934799840b988310edff7adfd03d0ed27e2a1515","binary_or_vendor_format","reference_only"
"5.Robot/1.bakeup/WORK/PROGRAM/MZ07LF-01-P.1003","402","432925026b6763f9453eb5a1b1f834ca0a9742b7c959a0798be35cafb4dfee13","binary_or_vendor_format","reference_only"
"5.Robot/1.bakeup/WORK/PROGRAM/MZ07LF-01.001","530","08d00b2593b4db3664e7c1c18e8fe7493ef5f0a7f488fb0aaba7c18e6f80537e","binary_or_vendor_format","reference_only"
"5.Robot/1.bakeup/WORK/PROGRAM/MZ07LF-01.002","168","d6b67e8607a84bca53f7bc18a4c8ffb9fc885c9a74ce80967f551e13a7801626","binary_or_vendor_format","reference_only"
"5.Robot/1.bakeup/WORK/PROGRAM/MZ07LF-01.003","169","b1dacfaeeb59da0fbc5102ab2f20a24e54798e61ef7dd203df9c9ce48e9b189e","binary_or_vendor_format","reference_only"
"5.Robot/1.bakeup/WORK/PROGRAM/MZ07LF-01.010","2139","4a8537d1a0dbfdc4f8556c860fb97927aac3b53b9d947236d6d06801f8cf59a5","binary_or_vendor_format","reference_only"
"5.Robot/1.bakeup/WORK/PROGRAM/MZ07LF-01.011","286","bbc82092080f879070a7e3b40e2a56a51d172f1423441bc81f3940587086d1bf","binary_or_vendor_format","reference_only"
"5.Robot/1.bakeup/WORK/PROGRAM/MZ07LF-01.012","286","e807a09fb207172b206893306dbf8a51febb0893f01f5f57a9f13397ec9eae9b","binary_or_vendor_format","reference_only"
"5.Robot/1.bakeup/WORK/PROGRAM/MZ07LF-01.013","326","422a38db040b976732a01585624e98a29dad8615aa4614d330598da677da80dc","binary_or_vendor_format","reference_only"
"5.Robot/1.bakeup/WORK/PROGRAM/MZ07LF-01.014","326","09f16830b61b30f69853f4aa139411242df5916ec5604f78ad09b799525b5f14","binary_or_vendor_format","reference_only"
"5.Robot/1.bakeup/WORK/PROGRAM/MZ07LF-01.015","286","f0eeddaa036ceb27f5cdeb09fb13fc4045c15790c7a2516077829e402b806fb3","binary_or_vendor_format","reference_only"
"5.Robot/1.bakeup/WORK/PROGRAM/MZ07LF-01.016","286","33cff6fccf4a60ded019d845dcade1b6d39a5b7928cb61cb4718084eef6db946","binary_or_vendor_format","reference_only"
"5.Robot/1.bakeup/WORK/PROGRAM/MZ07LF-01.017","326","d7475cbd70db9d27a7e796e6e3b2dfb590fe123e60ccb9cf921a71f25e234da0","binary_or_vendor_format","reference_only"
"5.Robot/1.bakeup/WORK/PROGRAM/MZ07LF-01.018","366","022fb06fff02725fc2e4bf25e283f9dfc434810f8fac52a7fbd797e472e327bb","binary_or_vendor_format","reference_only"
"5.Robot/1.bakeup/WORK/PROGRAM/MZ07LF-01.019","326","c10dc220242cb420f3d088ba8ca7c8d51bb139d30d1e7d51afab98f749002a53","binary_or_vendor_format","reference_only"
"5.Robot/1.bakeup/WORK/PROGRAM/MZ07LF-01.020","287","d9af59b5fdfb9a166e495b6e704e3ecee8361776801f0857b1931a124b9956a6","binary_or_vendor_format","reference_only"
"5.Robot/1.bakeup/WORK/PROGRAM/MZ07LF-01.021","244","2714103098b01f2b6531c0070bb0b198221866a7fa817587f701b7157ca79d21","binary_or_vendor_format","reference_only"
"5.Robot/1.bakeup/WORK/PROGRAM/MZ07LF-01.022","241","f5b5a1a545a10743006f5ab278969fa7a41c6683aea88406a8e2ee8505dad9e5","binary_or_vendor_format","reference_only"
"5.Robot/1.bakeup/WORK/PROGRAM/MZ07LF-01.023","260","3daaa0db2ec499047ad635d148b2d27c62d4e2dff93b4f1ddc6fbde391cb4d73","binary_or_vendor_format","reference_only"
"5.Robot/1.bakeup/WORK/PROGRAM/MZ07LF-01.024","241","d4cee516be0baec08b603d9527012ff6b478e5d1d7e0c06e14b3daf996383432","binary_or_vendor_format","reference_only"
"5.Robot/1.bakeup/WORK/PROGRAM/MZ07LF-01.025","220","83347e303d0331da0d9ce10f66c401533281117ac7f496dbd3be25e472730929","binary_or_vendor_format","reference_only"
"5.Robot/1.bakeup/WORK/PROGRAM/MZ07LF-01.026","223","2d6630539735c583065ba2767f8b142907e13988aeac08c582976c4688d38896","binary_or_vendor_format","reference_only"
"5.Robot/1.bakeup/WORK/PROGRAM/MZ07LF-01.027","329","6c186cae3584b4f61a4a6cfd4ceee80566664a57c45f6955b1d3d92bfbe49efc","binary_or_vendor_format","reference_only"
"5.Robot/1.bakeup/WORK/PROGRAM/MZ07LF-01.028","374","56e08bc0aa6928058d2bb14cfa0321d3d088eda2b193ffaba85565e098fe142a","binary_or_vendor_format","reference_only"
"5.Robot/1.bakeup/WORK/PROGRAM/MZ07LF-01.029","223","10fd6839f8d0920cf07c269cf39b39b3c83f8209b8106776dad5cf5481755a03","binary_or_vendor_format","reference_only"
"5.Robot/1.bakeup/WORK/PROGRAM/MZ07LF-01.030","377","280efec755fd7bb218e351bf64fde203b6b07eaad37f244368a30f6c56dcc63d","binary_or_vendor_format","reference_only"
"5.Robot/1.bakeup/WORK/PROGRAM/MZ07LF-01.031","377","65e5899ce5ef7d759fa6928c176262ba69abccf440a1c1e2306e8b21a1d0715b","binary_or_vendor_format","reference_only"
"5.Robot/1.bakeup/WORK/PROGRAM/MZ07LF-01.032","311","6c8b214076d6131f3db40a3f5c033c44f19ec6855e6ba6da753ebd374406ef9b","binary_or_vendor_format","reference_only"
"5.Robot/1.bakeup/WORK/PROGRAM/MZ07LF-01.033","311","754039b11ebc49ae76c86b40f3b03ab88c84170a259dbac9964229510711e930","binary_or_vendor_format","reference_only"
"5.Robot/1.bakeup/WORK/PROGRAM/MZ07LF-01.034","311","5ebbd7def1fba9b03e5bd1bf191a45fa91f7b0c3814b89716860e818e624cfc1","binary_or_vendor_format","reference_only"
"5.Robot/1.bakeup/WORK/PROGRAM/MZ07LF-01.035","315","d0f78856cc161c816da9df71c8f7e83b22e83361d67e2608ec6222e6d4c58092","binary_or_vendor_format","reference_only"
"5.Robot/1.bakeup/WORK/PROGRAM/MZ07LF-01.036","315","85da4d42b8a0a07c56ea7bd0adf21a486084ba2af15b8b85c8755905ebce2cef","binary_or_vendor_format","reference_only"
"5.Robot/1.bakeup/WORK/PROGRAM/MZ07LF-01.037","336","a63fb0fc8c7d8a7f527c8922f650720d9f6e15409f56a399c2d5690a056cf543","binary_or_vendor_format","reference_only"
"5.Robot/1.bakeup/WORK/PROGRAM/MZ07LF-01.038","299","335cf3b52448b6118bcffa131ff2b1a6bf1bfa35bcfa08db3e20620e07624850","binary_or_vendor_format","reference_only"
"5.Robot/1.bakeup/WORK/PROGRAM/MZ07LF-01.039","299","42292a2b6958eb822aa7edd8d6aea2aa5ec13525a506baafd3d3d578b5ccf544","binary_or_vendor_format","reference_only"
"5.Robot/1.bakeup/WORK/PROGRAM/MZ07LF-01.040","299","69d16c872f1d94fcb825946f73b209d0ef371deda0e7fe3fb8eb4a10a5cd1929","binary_or_vendor_format","reference_only"
"5.Robot/1.bakeup/WORK/PROGRAM/MZ07LF-01.041","302","977e3d72f78d64957f2d5e5285a2a80496a8043701d41d219ca943d81f31490b","binary_or_vendor_format","reference_only"
"5.Robot/1.bakeup/WORK/PROGRAM/MZ07LF-01.042","302","0755401d9077dd22c89b7ec68e8a55f850f3589bcf671b5969d669913182e8c9","binary_or_vendor_format","reference_only"
"5.Robot/1.bakeup/WORK/PROGRAM/MZ07LF-01.043","302","72b4664a2c13c560c59cf68d9d7e81c9b863918f319e1e09e26a6e02fb797b5c","binary_or_vendor_format","reference_only"
"5.Robot/1.bakeup/WORK/PROGRAM/MZ07LF-01.099","11845","45993f852b8802a92e3916c543e5afcea7f456c983c84ac08d6e319bf6471e80","binary_or_vendor_format","reference_only"
"5.Robot/1.bakeup/WORK/PROGRAM/MZ07LF-01.100","131","8cd475091f8468cc417f1cc173e8ea390059a96681ec826d2b2a462f9aabf193","binary_or_vendor_format","reference_only"
"5.Robot/1.bakeup/WORK/PROGRAM/MZ07LF-01.1000","109","99f02312bf0d25a03aec585b7b0325c34279235199b3c82d8ae32c5375035892","binary_or_vendor_format","reference_only"
"5.Robot/1.bakeup/WORK/PROGRAM/MZ07LF-01.1001","267","b403f234290508483e9082ac9e9433ea237663565cf34aaa8a9d6ba66b4e5cbd","binary_or_vendor_format","reference_only"
"5.Robot/1.bakeup/WORK/PROGRAM/MZ07LF-01.1002","202","50ab5bff104882531b9f28da2fb826cb565e97d2b5d79bd9a38b8b5b67ea869e","binary_or_vendor_format","reference_only"
"5.Robot/1.bakeup/WORK/PROGRAM/MZ07LF-01.1003","213","0a2eba5717038c49286157d83ee50ff870c6ea92c6e3d2d904f15dfd1eeea50f","binary_or_vendor_format","reference_only"
"5.Robot/1.bakeup/WORK/PROGRAM/MZ07LF-01.998","665","214199f683d24914f1b00bb3a9205d2f22f6413370e2b38b2b723dd236ced0f7","binary_or_vendor_format","reference_only"
"5.Robot/1.bakeup/WORK/PROGRAM/MZ07LF-01.999","665","831b10b673f684107a2fce96cdfe178a59293c71ccd4d5190be3e3918e979fdb","binary_or_vendor_format","reference_only"
"5.Robot/1.bakeup/WORK/PROGRAM/USERTASK.001","3688","623c451eb571f35d183376451919927ea49d3de6034871a68fcc1803e7bcf512","binary_or_vendor_format","reference_only"
"5.Robot/1.bakeup/WORK/QC.DAT","20","18511e7732312155333bf719129c89620edd8a48a2beb4c58e01a8b738d239b4","binary_or_vendor_format","reference_only"
"5.Robot/1.bakeup/WORK/R00MZ07LF-01.C01","74091","17110868fbe08b6f3e88d13038fc9dfb3213ccf18a1702a80caa730b9ff05b6e","binary_or_vendor_format","reference_only"
"5.Robot/1.bakeup/WORK/ResumeID.dat","8","72f318bcee1eff03d01ea55f11425e31b07a307b9cb8cd0c6b550b0c1a7235ae","binary_or_vendor_format","reference_only"
"5.Robot/1.bakeup/WORK/RTXTCPIP.CON","1132","0df8b4372c16203eff52239ab73f94a477dcbcf4fe0908cef485bbd9fab25997","binary_or_vendor_format","reference_only"
"5.Robot/1.bakeup/WORK/S00SIGL.CON","219774","96157254125c2c29215328b1422b547b34832150b71e12f38bdf10aabd083c2c","binary_or_vendor_format","reference_only"
"5.Robot/1.bakeup/WORK/SECTIME.CON","147","cd913a057ff2b9198d9df9a5c717fabf53445dd718f1cf70ad02da203fbf0fa7","binary_or_vendor_format","reference_only"
"5.Robot/1.bakeup/WORK/T00TOL01.C01","23589","e2d12f43d9e4182494df82a478ce8a13619664b8887c5abaa330f82f94d9f74e","binary_or_vendor_format","reference_only"
"5.Robot/1.bakeup/WORK/UNIT/U00UNIT001.CON","35327","90ede69efcbf0436292053d3b7b90d4cdc94ba6f1c0a086b6472afa635bbc8c4","binary_or_vendor_format","reference_only"
"5.Robot/1.bakeup/WORK/UNIT/UNIT.CON","418","808c9afa46426eff5fca2182ddb1738d5ae9737e48634f48201ab102dcc7acf2","binary_or_vendor_format","reference_only"
"5.Robot/2.取面放面OK/PROGRAM/MZ07LF-01-P.003","5054","c5145a9eb87fe80fe7a808abcff6fc322ae2498f64d051caf957277f4b001d68","binary_or_vendor_format","reference_only"
"5.Robot/2.取面放面OK/PROGRAM/MZ07LF-01-P.1002","216","8c04dfc4da40718bdd53b86d934799840b988310edff7adfd03d0ed27e2a1515","binary_or_vendor_format","reference_only"
"5.Robot/2.取面放面OK/PROGRAM/MZ07LF-01-P.1003","402","432925026b6763f9453eb5a1b1f834ca0a9742b7c959a0798be35cafb4dfee13","binary_or_vendor_format","reference_only"
"5.Robot/2.取面放面OK/PROGRAM/MZ07LF-01-P.1004","102","3d09b982bfc91ca0e5fdf4e3ad43c6b34c4e587589428baca9df9b9a3fa54fc9","binary_or_vendor_format","reference_only"
"5.Robot/2.取面放面OK/PROGRAM/MZ07LF-01.001","530","08d00b2593b4db3664e7c1c18e8fe7493ef5f0a7f488fb0aaba7c18e6f80537e","binary_or_vendor_format","reference_only"
"5.Robot/2.取面放面OK/PROGRAM/MZ07LF-01.002","168","d6b67e8607a84bca53f7bc18a4c8ffb9fc885c9a74ce80967f551e13a7801626","binary_or_vendor_format","reference_only"
"5.Robot/2.取面放面OK/PROGRAM/MZ07LF-01.003","169","b1dacfaeeb59da0fbc5102ab2f20a24e54798e61ef7dd203df9c9ce48e9b189e","binary_or_vendor_format","reference_only"
"5.Robot/2.取面放面OK/PROGRAM/MZ07LF-01.010","2139","4a8537d1a0dbfdc4f8556c860fb97927aac3b53b9d947236d6d06801f8cf59a5","binary_or_vendor_format","reference_only"
"5.Robot/2.取面放面OK/PROGRAM/MZ07LF-01.011","286","bbc82092080f879070a7e3b40e2a56a51d172f1423441bc81f3940587086d1bf","binary_or_vendor_format","reference_only"
"5.Robot/2.取面放面OK/PROGRAM/MZ07LF-01.012","286","e807a09fb207172b206893306dbf8a51febb0893f01f5f57a9f13397ec9eae9b","binary_or_vendor_format","reference_only"
"5.Robot/2.取面放面OK/PROGRAM/MZ07LF-01.013","326","422a38db040b976732a01585624e98a29dad8615aa4614d330598da677da80dc","binary_or_vendor_format","reference_only"
"5.Robot/2.取面放面OK/PROGRAM/MZ07LF-01.014","326","09f16830b61b30f69853f4aa139411242df5916ec5604f78ad09b799525b5f14","binary_or_vendor_format","reference_only"
"5.Robot/2.取面放面OK/PROGRAM/MZ07LF-01.015","286","f0eeddaa036ceb27f5cdeb09fb13fc4045c15790c7a2516077829e402b806fb3","binary_or_vendor_format","reference_only"
"5.Robot/2.取面放面OK/PROGRAM/MZ07LF-01.016","286","33cff6fccf4a60ded019d845dcade1b6d39a5b7928cb61cb4718084eef6db946","binary_or_vendor_format","reference_only"
"5.Robot/2.取面放面OK/PROGRAM/MZ07LF-01.017","326","d7475cbd70db9d27a7e796e6e3b2dfb590fe123e60ccb9cf921a71f25e234da0","binary_or_vendor_format","reference_only"
"5.Robot/2.取面放面OK/PROGRAM/MZ07LF-01.018","366","022fb06fff02725fc2e4bf25e283f9dfc434810f8fac52a7fbd797e472e327bb","binary_or_vendor_format","reference_only"
"5.Robot/2.取面放面OK/PROGRAM/MZ07LF-01.019","326","c10dc220242cb420f3d088ba8ca7c8d51bb139d30d1e7d51afab98f749002a53","binary_or_vendor_format","reference_only"
"5.Robot/2.取面放面OK/PROGRAM/MZ07LF-01.020","287","d9af59b5fdfb9a166e495b6e704e3ecee8361776801f0857b1931a124b9956a6","binary_or_vendor_format","reference_only"
"5.Robot/2.取面放面OK/PROGRAM/MZ07LF-01.021","286","c1b8ec9bccc93f506b1c0b01f1aea90ac18f584141c08fdbc5d45ddcf79fdde2","binary_or_vendor_format","reference_only"
"5.Robot/2.取面放面OK/PROGRAM/MZ07LF-01.022","241","f5b5a1a545a10743006f5ab278969fa7a41c6683aea88406a8e2ee8505dad9e5","binary_or_vendor_format","reference_only"
"5.Robot/2.取面放面OK/PROGRAM/MZ07LF-01.023","260","3daaa0db2ec499047ad635d148b2d27c62d4e2dff93b4f1ddc6fbde391cb4d73","binary_or_vendor_format","reference_only"
"5.Robot/2.取面放面OK/PROGRAM/MZ07LF-01.024","241","d4cee516be0baec08b603d9527012ff6b478e5d1d7e0c06e14b3daf996383432","binary_or_vendor_format","reference_only"
"5.Robot/2.取面放面OK/PROGRAM/MZ07LF-01.025","220","83347e303d0331da0d9ce10f66c401533281117ac7f496dbd3be25e472730929","binary_or_vendor_format","reference_only"
"5.Robot/2.取面放面OK/PROGRAM/MZ07LF-01.026","223","2d6630539735c583065ba2767f8b142907e13988aeac08c582976c4688d38896","binary_or_vendor_format","reference_only"
"5.Robot/2.取面放面OK/PROGRAM/MZ07LF-01.027","329","6c186cae3584b4f61a4a6cfd4ceee80566664a57c45f6955b1d3d92bfbe49efc","binary_or_vendor_format","reference_only"
"5.Robot/2.取面放面OK/PROGRAM/MZ07LF-01.028","374","222fd3cacac066a3c0f4942c426bbfec9542fc049bfb4dcc576830732166bb07","binary_or_vendor_format","reference_only"
"5.Robot/2.取面放面OK/PROGRAM/MZ07LF-01.029","223","10fd6839f8d0920cf07c269cf39b39b3c83f8209b8106776dad5cf5481755a03","binary_or_vendor_format","reference_only"
"5.Robot/2.取面放面OK/PROGRAM/MZ07LF-01.030","377","280efec755fd7bb218e351bf64fde203b6b07eaad37f244368a30f6c56dcc63d","binary_or_vendor_format","reference_only"
"5.Robot/2.取面放面OK/PROGRAM/MZ07LF-01.031","377","65e5899ce5ef7d759fa6928c176262ba69abccf440a1c1e2306e8b21a1d0715b","binary_or_vendor_format","reference_only"
"5.Robot/2.取面放面OK/PROGRAM/MZ07LF-01.032","332","2de44ec5eaa79055b93215940abfeb817f7b8254bda52ccdec4b9a81c89e065f","binary_or_vendor_format","reference_only"
"5.Robot/2.取面放面OK/PROGRAM/MZ07LF-01.033","311","754039b11ebc49ae76c86b40f3b03ab88c84170a259dbac9964229510711e930","binary_or_vendor_format","reference_only"
"5.Robot/2.取面放面OK/PROGRAM/MZ07LF-01.034","311","5ebbd7def1fba9b03e5bd1bf191a45fa91f7b0c3814b89716860e818e624cfc1","binary_or_vendor_format","reference_only"
"5.Robot/2.取面放面OK/PROGRAM/MZ07LF-01.035","315","d0f78856cc161c816da9df71c8f7e83b22e83361d67e2608ec6222e6d4c58092","binary_or_vendor_format","reference_only"
"5.Robot/2.取面放面OK/PROGRAM/MZ07LF-01.036","315","85da4d42b8a0a07c56ea7bd0adf21a486084ba2af15b8b85c8755905ebce2cef","binary_or_vendor_format","reference_only"
"5.Robot/2.取面放面OK/PROGRAM/MZ07LF-01.037","336","a63fb0fc8c7d8a7f527c8922f650720d9f6e15409f56a399c2d5690a056cf543","binary_or_vendor_format","reference_only"
"5.Robot/2.取面放面OK/PROGRAM/MZ07LF-01.038","299","335cf3b52448b6118bcffa131ff2b1a6bf1bfa35bcfa08db3e20620e07624850","binary_or_vendor_format","reference_only"
"5.Robot/2.取面放面OK/PROGRAM/MZ07LF-01.039","299","42292a2b6958eb822aa7edd8d6aea2aa5ec13525a506baafd3d3d578b5ccf544","binary_or_vendor_format","reference_only"
"5.Robot/2.取面放面OK/PROGRAM/MZ07LF-01.040","299","69d16c872f1d94fcb825946f73b209d0ef371deda0e7fe3fb8eb4a10a5cd1929","binary_or_vendor_format","reference_only"
"5.Robot/2.取面放面OK/PROGRAM/MZ07LF-01.041","302","977e3d72f78d64957f2d5e5285a2a80496a8043701d41d219ca943d81f31490b","binary_or_vendor_format","reference_only"
"5.Robot/2.取面放面OK/PROGRAM/MZ07LF-01.042","302","0755401d9077dd22c89b7ec68e8a55f850f3589bcf671b5969d669913182e8c9","binary_or_vendor_format","reference_only"
"5.Robot/2.取面放面OK/PROGRAM/MZ07LF-01.043","302","72b4664a2c13c560c59cf68d9d7e81c9b863918f319e1e09e26a6e02fb797b5c","binary_or_vendor_format","reference_only"
"5.Robot/2.取面放面OK/PROGRAM/MZ07LF-01.099","11845","45993f852b8802a92e3916c543e5afcea7f456c983c84ac08d6e319bf6471e80","binary_or_vendor_format","reference_only"
"5.Robot/2.取面放面OK/PROGRAM/MZ07LF-01.100","131","8cd475091f8468cc417f1cc173e8ea390059a96681ec826d2b2a462f9aabf193","binary_or_vendor_format","reference_only"
"5.Robot/2.取面放面OK/PROGRAM/MZ07LF-01.1000","109","99f02312bf0d25a03aec585b7b0325c34279235199b3c82d8ae32c5375035892","binary_or_vendor_format","reference_only"
"5.Robot/2.取面放面OK/PROGRAM/MZ07LF-01.1001","267","b403f234290508483e9082ac9e9433ea237663565cf34aaa8a9d6ba66b4e5cbd","binary_or_vendor_format","reference_only"
"5.Robot/2.取面放面OK/PROGRAM/MZ07LF-01.1002","202","50ab5bff104882531b9f28da2fb826cb565e97d2b5d79bd9a38b8b5b67ea869e","binary_or_vendor_format","reference_only"
"5.Robot/2.取面放面OK/PROGRAM/MZ07LF-01.1003","213","0a2eba5717038c49286157d83ee50ff870c6ea92c6e3d2d904f15dfd1eeea50f","binary_or_vendor_format","reference_only"
"5.Robot/2.取面放面OK/PROGRAM/MZ07LF-01.998","665","214199f683d24914f1b00bb3a9205d2f22f6413370e2b38b2b723dd236ced0f7","binary_or_vendor_format","reference_only"
"5.Robot/2.取面放面OK/PROGRAM/MZ07LF-01.999","665","831b10b673f684107a2fce96cdfe178a59293c71ccd4d5190be3e3918e979fdb","binary_or_vendor_format","reference_only"
"5.Robot/2.取面放面OK/PROGRAM/USERTASK.001","3688","623c451eb571f35d183376451919927ea49d3de6034871a68fcc1803e7bcf512","binary_or_vendor_format","reference_only"
"5.Robot/3.OK _Demo/PROGRAM/MZ07LF-01-P.003","5054","c5145a9eb87fe80fe7a808abcff6fc322ae2498f64d051caf957277f4b001d68","binary_or_vendor_format","reference_only"
"5.Robot/3.OK _Demo/PROGRAM/MZ07LF-01-P.1002","216","8c04dfc4da40718bdd53b86d934799840b988310edff7adfd03d0ed27e2a1515","binary_or_vendor_format","reference_only"
"5.Robot/3.OK _Demo/PROGRAM/MZ07LF-01-P.1003","402","432925026b6763f9453eb5a1b1f834ca0a9742b7c959a0798be35cafb4dfee13","binary_or_vendor_format","reference_only"
"5.Robot/3.OK _Demo/PROGRAM/MZ07LF-01-P.1004","102","3d09b982bfc91ca0e5fdf4e3ad43c6b34c4e587589428baca9df9b9a3fa54fc9","binary_or_vendor_format","reference_only"
"5.Robot/3.OK _Demo/PROGRAM/MZ07LF-01.001","530","08d00b2593b4db3664e7c1c18e8fe7493ef5f0a7f488fb0aaba7c18e6f80537e","binary_or_vendor_format","reference_only"
"5.Robot/3.OK _Demo/PROGRAM/MZ07LF-01.002","168","d6b67e8607a84bca53f7bc18a4c8ffb9fc885c9a74ce80967f551e13a7801626","binary_or_vendor_format","reference_only"
"5.Robot/3.OK _Demo/PROGRAM/MZ07LF-01.003","169","b1dacfaeeb59da0fbc5102ab2f20a24e54798e61ef7dd203df9c9ce48e9b189e","binary_or_vendor_format","reference_only"
"5.Robot/3.OK _Demo/PROGRAM/MZ07LF-01.010","2139","4a8537d1a0dbfdc4f8556c860fb97927aac3b53b9d947236d6d06801f8cf59a5","binary_or_vendor_format","reference_only"
"5.Robot/3.OK _Demo/PROGRAM/MZ07LF-01.011","286","bbc82092080f879070a7e3b40e2a56a51d172f1423441bc81f3940587086d1bf","binary_or_vendor_format","reference_only"
"5.Robot/3.OK _Demo/PROGRAM/MZ07LF-01.012","286","e807a09fb207172b206893306dbf8a51febb0893f01f5f57a9f13397ec9eae9b","binary_or_vendor_format","reference_only"
"5.Robot/3.OK _Demo/PROGRAM/MZ07LF-01.013","326","422a38db040b976732a01585624e98a29dad8615aa4614d330598da677da80dc","binary_or_vendor_format","reference_only"
"5.Robot/3.OK _Demo/PROGRAM/MZ07LF-01.014","326","09f16830b61b30f69853f4aa139411242df5916ec5604f78ad09b799525b5f14","binary_or_vendor_format","reference_only"
"5.Robot/3.OK _Demo/PROGRAM/MZ07LF-01.015","286","f0eeddaa036ceb27f5cdeb09fb13fc4045c15790c7a2516077829e402b806fb3","binary_or_vendor_format","reference_only"
"5.Robot/3.OK _Demo/PROGRAM/MZ07LF-01.016","286","33cff6fccf4a60ded019d845dcade1b6d39a5b7928cb61cb4718084eef6db946","binary_or_vendor_format","reference_only"
"5.Robot/3.OK _Demo/PROGRAM/MZ07LF-01.017","326","d7475cbd70db9d27a7e796e6e3b2dfb590fe123e60ccb9cf921a71f25e234da0","binary_or_vendor_format","reference_only"
"5.Robot/3.OK _Demo/PROGRAM/MZ07LF-01.018","366","022fb06fff02725fc2e4bf25e283f9dfc434810f8fac52a7fbd797e472e327bb","binary_or_vendor_format","reference_only"
"5.Robot/3.OK _Demo/PROGRAM/MZ07LF-01.019","326","c10dc220242cb420f3d088ba8ca7c8d51bb139d30d1e7d51afab98f749002a53","binary_or_vendor_format","reference_only"
"5.Robot/3.OK _Demo/PROGRAM/MZ07LF-01.020","287","d9af59b5fdfb9a166e495b6e704e3ecee8361776801f0857b1931a124b9956a6","binary_or_vendor_format","reference_only"
"5.Robot/3.OK _Demo/PROGRAM/MZ07LF-01.021","286","c1b8ec9bccc93f506b1c0b01f1aea90ac18f584141c08fdbc5d45ddcf79fdde2","binary_or_vendor_format","reference_only"
"5.Robot/3.OK _Demo/PROGRAM/MZ07LF-01.022","241","f5b5a1a545a10743006f5ab278969fa7a41c6683aea88406a8e2ee8505dad9e5","binary_or_vendor_format","reference_only"
"5.Robot/3.OK _Demo/PROGRAM/MZ07LF-01.023","260","3daaa0db2ec499047ad635d148b2d27c62d4e2dff93b4f1ddc6fbde391cb4d73","binary_or_vendor_format","reference_only"
"5.Robot/3.OK _Demo/PROGRAM/MZ07LF-01.024","241","d4cee516be0baec08b603d9527012ff6b478e5d1d7e0c06e14b3daf996383432","binary_or_vendor_format","reference_only"
"5.Robot/3.OK _Demo/PROGRAM/MZ07LF-01.025","220","83347e303d0331da0d9ce10f66c401533281117ac7f496dbd3be25e472730929","binary_or_vendor_format","reference_only"
"5.Robot/3.OK _Demo/PROGRAM/MZ07LF-01.026","223","2d6630539735c583065ba2767f8b142907e13988aeac08c582976c4688d38896","binary_or_vendor_format","reference_only"
"5.Robot/3.OK _Demo/PROGRAM/MZ07LF-01.027","329","53e0762c8437040e14330eeff59ccd91d140f231a1857d554de70cf503e394f8","binary_or_vendor_format","reference_only"
"5.Robot/3.OK _Demo/PROGRAM/MZ07LF-01.028","374","222fd3cacac066a3c0f4942c426bbfec9542fc049bfb4dcc576830732166bb07","binary_or_vendor_format","reference_only"
"5.Robot/3.OK _Demo/PROGRAM/MZ07LF-01.029","223","10fd6839f8d0920cf07c269cf39b39b3c83f8209b8106776dad5cf5481755a03","binary_or_vendor_format","reference_only"
"5.Robot/3.OK _Demo/PROGRAM/MZ07LF-01.030","377","280efec755fd7bb218e351bf64fde203b6b07eaad37f244368a30f6c56dcc63d","binary_or_vendor_format","reference_only"
"5.Robot/3.OK _Demo/PROGRAM/MZ07LF-01.031","377","65e5899ce5ef7d759fa6928c176262ba69abccf440a1c1e2306e8b21a1d0715b","binary_or_vendor_format","reference_only"
"5.Robot/3.OK _Demo/PROGRAM/MZ07LF-01.032","332","2de44ec5eaa79055b93215940abfeb817f7b8254bda52ccdec4b9a81c89e065f","binary_or_vendor_format","reference_only"
"5.Robot/3.OK _Demo/PROGRAM/MZ07LF-01.033","311","754039b11ebc49ae76c86b40f3b03ab88c84170a259dbac9964229510711e930","binary_or_vendor_format","reference_only"
"5.Robot/3.OK _Demo/PROGRAM/MZ07LF-01.034","311","5ebbd7def1fba9b03e5bd1bf191a45fa91f7b0c3814b89716860e818e624cfc1","binary_or_vendor_format","reference_only"
"5.Robot/3.OK _Demo/PROGRAM/MZ07LF-01.035","315","d0f78856cc161c816da9df71c8f7e83b22e83361d67e2608ec6222e6d4c58092","binary_or_vendor_format","reference_only"
"5.Robot/3.OK _Demo/PROGRAM/MZ07LF-01.036","315","85da4d42b8a0a07c56ea7bd0adf21a486084ba2af15b8b85c8755905ebce2cef","binary_or_vendor_format","reference_only"
"5.Robot/3.OK _Demo/PROGRAM/MZ07LF-01.037","336","a63fb0fc8c7d8a7f527c8922f650720d9f6e15409f56a399c2d5690a056cf543","binary_or_vendor_format","reference_only"
"5.Robot/3.OK _Demo/PROGRAM/MZ07LF-01.038","299","335cf3b52448b6118bcffa131ff2b1a6bf1bfa35bcfa08db3e20620e07624850","binary_or_vendor_format","reference_only"
"5.Robot/3.OK _Demo/PROGRAM/MZ07LF-01.039","299","42292a2b6958eb822aa7edd8d6aea2aa5ec13525a506baafd3d3d578b5ccf544","binary_or_vendor_format","reference_only"
"5.Robot/3.OK _Demo/PROGRAM/MZ07LF-01.040","299","69d16c872f1d94fcb825946f73b209d0ef371deda0e7fe3fb8eb4a10a5cd1929","binary_or_vendor_format","reference_only"
"5.Robot/3.OK _Demo/PROGRAM/MZ07LF-01.041","302","977e3d72f78d64957f2d5e5285a2a80496a8043701d41d219ca943d81f31490b","binary_or_vendor_format","reference_only"
"5.Robot/3.OK _Demo/PROGRAM/MZ07LF-01.042","302","0755401d9077dd22c89b7ec68e8a55f850f3589bcf671b5969d669913182e8c9","binary_or_vendor_format","reference_only"
"5.Robot/3.OK _Demo/PROGRAM/MZ07LF-01.043","302","72b4664a2c13c560c59cf68d9d7e81c9b863918f319e1e09e26a6e02fb797b5c","binary_or_vendor_format","reference_only"
"5.Robot/3.OK _Demo/PROGRAM/MZ07LF-01.099","11845","45993f852b8802a92e3916c543e5afcea7f456c983c84ac08d6e319bf6471e80","binary_or_vendor_format","reference_only"
"5.Robot/3.OK _Demo/PROGRAM/MZ07LF-01.100","131","8cd475091f8468cc417f1cc173e8ea390059a96681ec826d2b2a462f9aabf193","binary_or_vendor_format","reference_only"
"5.Robot/3.OK _Demo/PROGRAM/MZ07LF-01.1000","109","99f02312bf0d25a03aec585b7b0325c34279235199b3c82d8ae32c5375035892","binary_or_vendor_format","reference_only"
"5.Robot/3.OK _Demo/PROGRAM/MZ07LF-01.1001","267","b403f234290508483e9082ac9e9433ea237663565cf34aaa8a9d6ba66b4e5cbd","binary_or_vendor_format","reference_only"
"5.Robot/3.OK _Demo/PROGRAM/MZ07LF-01.1002","202","50ab5bff104882531b9f28da2fb826cb565e97d2b5d79bd9a38b8b5b67ea869e","binary_or_vendor_format","reference_only"
"5.Robot/3.OK _Demo/PROGRAM/MZ07LF-01.1003","213","0a2eba5717038c49286157d83ee50ff870c6ea92c6e3d2d904f15dfd1eeea50f","binary_or_vendor_format","reference_only"
"5.Robot/3.OK _Demo/PROGRAM/MZ07LF-01.998","665","214199f683d24914f1b00bb3a9205d2f22f6413370e2b38b2b723dd236ced0f7","binary_or_vendor_format","reference_only"
"5.Robot/3.OK _Demo/PROGRAM/MZ07LF-01.999","665","831b10b673f684107a2fce96cdfe178a59293c71ccd4d5190be3e3918e979fdb","binary_or_vendor_format","reference_only"
"5.Robot/3.OK _Demo/PROGRAM/USERTASK.001","3688","623c451eb571f35d183376451919927ea49d3de6034871a68fcc1803e7bcf512","binary_or_vendor_format","reference_only"
"6.IPC/0.0.1/ipc_controller.py","12322","b5f258d97871eb63c36fd07db3e34c5e7f3cb82a7c8da89c6c0460a081913427","text_or_code","corpus_candidate"
"6.IPC/0.0.1/ipc_emc.py","7238","4a6ac45f02dcdc9776c63a94f70a5315faebf31f74fd11eb82ff3de50ddb8c01","text_or_code","corpus_candidate"
"6.IPC/0.0.1/ipc_heartbeat.py","6255","887e01a3e1dcbdd3264753d76426d729363ade6b4e0e5792ed4255a41b9e90d1","text_or_code","corpus_candidate"
"6.IPC/0.0.1/requirements.txt","9","1c959c6a3d7e78cb81cded0dd9389e3864e0403e973578136aa1bb224ea8c70d","text_or_code","corpus_candidate"
"6.IPC/0.0.2/isaac_dual_food_ur5e_2bowls1_config.py","24564","8783bd588f795c4ee9da61ff6b8429b5565ce44962eba9b44cd7f83afce7d730","text_or_code","corpus_candidate"
"6.IPC/0.0.2/isaac_dual_food_ur5e_2bowls1.py","348882","0cd07b734040c4dd47e76e3f95a225fa1ece6be9c7058e76cf51638da4c9e156","text_or_code","corpus_candidate"
"6.IPC/0.0.2/isaac_dual_food_ur5e_2bowls1說明.md","55407","2e8200cf31d174c28f5f9febb04bcf07d769fa947bfba828de22b8ce76b10ceb","text_or_code","corpus_candidate"
"7.Ordering/0.0.1/.gitignore","15","f5a358c7fc906b509d53f05ffa13d3d3ef2e95487e06bea13d21463a65a3904b","binary_or_vendor_format","reference_only"
"7.Ordering/0.0.1/.openai/hosting.json","63","65c7e7533286b681c84bcd092c838ced04b88004cf72b9ccaa1177091a02197c","text_or_code","corpus_candidate"
"7.Ordering/0.0.1/app.js","3702","7f9ea84ace2a6b9297b45d14d8a4d3e7a038c306dc2098cec03debd334474074","text_or_code","corpus_candidate"
"7.Ordering/0.0.1/build.mjs","1145","fc0ab2dba8d392e371fc8eaf78e9f45ab5c29905bd1ddc2f4db815ac16273e12","text_or_code","corpus_candidate"
"7.Ordering/0.0.1/dist/server/index.js","21919","41129040d40d8fa7e88e8f801074feaff635ee5521447628c18bedd18a6ee48c","text_or_code","corpus_candidate"
"7.Ordering/0.0.1/index.html","4569","8d559c6b8df0474edd931fd304108342937e45869e0e34ba630143c9ec61e93b","text_or_code","corpus_candidate"
"7.Ordering/0.0.1/ramen-mobile-order.tar.gz","5851","d3a3ef15d95430c87581e882f4a3cda2480986a2ab5816918773b937ed3b78ec","binary_or_vendor_format","reference_only"
"7.Ordering/0.0.1/README.md","1044","ce27b57cb18af1349a79bee3b699caa684e902f25407347ee64551456ebf1112","text_or_code","corpus_candidate"
"7.Ordering/0.0.1/styles.css","7604","4e6de7c45fee9ace09dd7866ce4ed0330a0133546c1667a3e1d3b8ff5d0e90b2","text_or_code","corpus_candidate"
"8.TEST_Code/as200_1000_order_endurance_test.py","20307","0a2a622824301b39ff01debc51b2388e45d9550ca0910f29bbde709dde72a9c8","text_or_code","corpus_candidate"
"8.TEST_Code/as200_full_auto_flow_test.py","16496","d8452d5832bea7d38207a7d4f13b96fc675f30abe05b32cee415540ca406b144","text_or_code","corpus_candidate"
"8.TEST_Code/as200_multi_order_stress_test.py","9295","3fde8f202898ea5f3f2b8bbfc62fb7d0147ec72e46f01173073ce9b7c5920270","text_or_code","corpus_candidate"
"8.TEST_Code/as200_nachi_finish_probe.py","2471","a19727d8ad4f52249a8b0704da14f0b58fd995dbca64f2e9ac5484bddee20ed5","text_or_code","corpus_candidate"
"8.TEST_Code/as200_order_integration_test.py","11919","af96fb0458d19286a2110ba16e1342be0d460ef70124cdba47d7940aec58984d","text_or_code","corpus_candidate"
"8.TEST_Code/as200_peripheral_sim.py","18464","1930b92d56fdabfe2ef2bf77da619ff5e650ea6277475e30df783ecd04956252","text_or_code","corpus_candidate"
"8.TEST_Code/as200_pipeline_stress_test.py","9433","2daf4ac9408f2c18045645430ac06f0aeb97fb1f0041c1e298af89d174f27766","text_or_code","corpus_candidate"
"8.TEST_Code/as200_plc_integration_test.py","12266","3438c6530bca7093bafcff09e3170ed75ded9762de5f3b96fe9768f38cbb10a9","text_or_code","corpus_candidate"
"8.TEST_Code/as200_prepare_and_1000_endurance.py","691","28929bbf6cfb5c544b694e84701a992075fa54a49550e60aedb2375e82c54d29","text_or_code","corpus_candidate"
"8.TEST_Code/as200_resume_fifo_stress_test.py","4522","1edea28702e338fd64e8b7077766cfdeb556b391d643a66bab75e02b5b2be1d0","text_or_code","corpus_candidate"
"8.TEST_Code/as200_soup_station_probe.py","3522","8ee36d91bbb416742e664b71a54d9d07475cb76f8986276082f33e19a24fbf6b","text_or_code","corpus_candidate"
"8.TEST_Code/as200_state_dump.py","2481","b3cbef30b36c5d49bd1e9513e524620feb4fb9554d7d833890ca50fdbddd5c7f","text_or_code","corpus_candidate"
"8.TEST_Code/hmi_003_interface_test.py","7226","e0513b797ab973001c78edef9b63a13ea7721f13bee1fc7a699787780f2d8f88","text_or_code","corpus_candidate"
"8.TEST_Code/hmi_003_live_monitor_test.py","4069","194960d953b82fb62a0fdbaf7321431c17d8d8114f48c9b6cbee2b61550fbf57","text_or_code","corpus_candidate"
"8.TEST_Code/hmi_003_simulation_control_test.py","2312","6d451f33e927e60b2e60f32ff5289c30d5e63b415bf2318179d65702517b1750","text_or_code","corpus_candidate"
"8.TEST_Code/modbus_integration_test.py","5050","f7fe71e682b475f90870a226ce0e62d09c5a51566330bb5774e0ccfe91e014d6","text_or_code","corpus_candidate"
"8.TEST_Code/modbus_io_control.py","5292","a779f7c27b76ce7a18d6b538917fc15e87292abc01821e44745ac07a240eaf15","text_or_code","corpus_candidate"
"8.TEST_Code/plc_auto_logic_sim.py","24037","fce20899247c0ef4e494cba1461b0b939deb18ce66b362857785742d44d9fa6d","text_or_code","corpus_candidate"
"8.TEST_Code/README.md","3247","9f137b794d71f15b6700b122e2e3d13b77c7523a3bf71e58806b7e6d8181a0aa","text_or_code","corpus_candidate"
"8.TEST_Code/requirements.txt","18","37227197f68d028752ae53c2c2f4c5b40c0fe7d722cb46a5deecf112160e08dc","text_or_code","corpus_candidate"
"8.TEST_Code/virtual_plc_modbus.py","16910","a5c2d5e485b5ce6f67725b5ae57b03d0215321058ae46e94da1d519ea65084ba","text_or_code","corpus_candidate"
"FB_AutoIPCAction.st","7267","1739f313c33da65be1f097609aed83125ac9ee045650c52b9fd8254753408d85","text_or_code","corpus_candidate"
"KNOWHOW.md","14966","d9a598c644db984cf2ce8389ce956b82d5ba1ad528652006801ee5311ce99c60","text_or_code","corpus_candidate"
